frame,label,0_x,0_y,0_z,0_vis,1_x,1_y,1_z,1_vis,2_x,2_y,2_z,2_vis,3_x,3_y,3_z,3_vis,4_x,4_y,4_z,4_vis,5_x,5_y,5_z,5_vis,6_x,6_y,6_z,6_vis,7_x,7_y,7_z,7_vis,8_x,8_y,8_z,8_vis,9_x,9_y,9_z,9_vis,10_x,10_y,10_z,10_vis,11_x,11_y,11_z,11_vis,12_x,12_y,12_z,12_vis,13_x,13_y,13_z,13_vis,14_x,14_y,14_z,14_vis,15_x,15_y,15_z,15_vis,16_x,16_y,16_z,16_vis,17_x,17_y,17_z,17_vis,18_x,18_y,18_z,18_vis,19_x,19_y,19_z,19_vis,20_x,20_y,20_z,20_vis,21_x,21_y,21_z,21_vis,22_x,22_y,22_z,22_vis,23_x,23_y,23_z,23_vis,24_x,24_y,24_z,24_vis,25_x,25_y,25_z,25_vis,26_x,26_y,26_z,26_vis,27_x,27_y,27_z,27_vis,28_x,28_y,28_z,28_vis,29_x,29_y,29_z,29_vis,30_x,30_y,30_z,30_vis,31_x,31_y,31_z,31_vis,32_x,32_y,32_z,32_vis
0,levantarse_20241124,0.5269628167152405,0.36776384711265564,-0.27093106508255005,0.9999886155128479,0.5325978994369507,0.3515157997608185,-0.2505083680152893,0.9999678134918213,0.5365022420883179,0.3515712320804596,-0.250512957572937,0.999969482421875,0.5400397181510925,0.3518866002559662,-0.2504987418651581,0.999970555305481,0.5219800472259521,0.35288551449775696,-0.25011542439460754,0.9999638795852661,0.5191476941108704,0.3536558449268341,-0.25022926926612854,0.9999621510505676,0.5153859257698059,0.35463640093803406,-0.2502520680427551,0.9999606609344482,0.5467571020126343,0.3601289391517639,-0.14013239741325378,0.9999398589134216,0.5124090909957886,0.3636529743671417,-0.13966940343379974,0.999925971031189,0.5349906086921692,0.38436055183410645,-0.2308339774608612,0.9999842047691345,0.5213609337806702,0.38532155752182007,-0.2305983304977417,0.999984085559845,0.5811127424240112,0.4582497477531433,-0.09084003418684006,0.9999651908874512,0.48296886682510376,0.4627918303012848,-0.08687521517276764,0.9999406933784485,0.5975651741027832,0.5645405054092407,-0.13168834149837494,0.9911974668502808,0.4597225785255432,0.5645699501037598,-0.14098380506038666,0.9811720252037048,0.5890029072761536,0.6373666524887085,-0.27503663301467896,0.9633344411849976,0.48201435804367065,0.6352208256721497,-0.3024284243583679,0.9260465502738953,0.589262068271637,0.6647459864616394,-0.3163627088069916,0.9196953773498535,0.48608654737472534,0.6534255743026733,-0.34424179792404175,0.8591995239257812,0.5816471576690674,0.6573590040206909,-0.33235037326812744,0.9221807718276978,0.4914293885231018,0.6458390355110168,-0.3542746305465698,0.86378014087677,0.5796356797218323,0.648164689540863,-0.28498032689094543,0.9031071066856384,0.4916257858276367,0.6392489671707153,-0.30963820219039917,0.8409521579742432,0.563726544380188,0.6579020023345947,0.0011308087268844247,0.999575138092041,0.5085969567298889,0.6602288484573364,-0.0010281524155288935,0.9995487332344055,0.5804497003555298,0.7290663719177246,-0.360054075717926,0.9799793362617493,0.48747342824935913,0.7315654158592224,-0.352593332529068,0.9742704033851624,0.5723605155944824,0.9036684036254883,-0.200452521443367,0.9774015545845032,0.4909200668334961,0.9111358523368835,-0.203291654586792,0.9666160345077515,0.5629786849021912,0.9220551252365112,-0.18914885818958282,0.8266239166259766,0.49725836515426636,0.928398072719574,-0.19419828057289124,0.7402269840240479,0.5857143998146057,0.9573611617088318,-0.31807196140289307,0.9715650081634521,0.4772722125053406,0.9643489122390747,-0.3325653672218323,0.9588547945022583
1,levantarse_20241124,0.5328001379966736,0.37086114287376404,-0.24272720515727997,0.9999895691871643,0.5374627113342285,0.3547174334526062,-0.2257707118988037,0.9999707341194153,0.5408425331115723,0.3542851209640503,-0.22575990855693817,0.9999722838401794,0.5440430045127869,0.3540927767753601,-0.22577884793281555,0.9999732375144958,0.527276337146759,0.3569144010543823,-0.2252885401248932,0.9999671578407288,0.5241450071334839,0.3579586446285248,-0.22537842392921448,0.9999656081199646,0.5209294557571411,0.35901299118995667,-0.22537679970264435,0.9999642968177795,0.5496821999549866,0.36156123876571655,-0.1251332014799118,0.9999455213546753,0.5180000066757202,0.3666115999221802,-0.12365444004535675,0.9999328255653381,0.540127694606781,0.38794487714767456,-0.20480863749980927,0.9999856948852539,0.5276312232017517,0.38995903730392456,-0.20447127521038055,0.9999855756759644,0.5845930576324463,0.457535058259964,-0.06861774623394012,0.999967634677887,0.4871986508369446,0.46414637565612793,-0.061805594712495804,0.9999452233314514,0.6022854447364807,0.5673758387565613,-0.0685354545712471,0.9910604357719421,0.46141743659973145,0.564770519733429,-0.08073248714208603,0.9818803668022156,0.5916181802749634,0.6432325839996338,-0.1706930547952652,0.9623817801475525,0.48416978120803833,0.6370658278465271,-0.2435489147901535,0.9264124035835266,0.5917140245437622,0.6713608503341675,-0.20344161987304688,0.9187129735946655,0.48736047744750977,0.6590825319290161,-0.28477421402931213,0.8594821095466614,0.5819367170333862,0.6654072403907776,-0.22137781977653503,0.9213728308677673,0.4948388934135437,0.6516283750534058,-0.2828480899333954,0.864048182964325,0.5795750021934509,0.6557071805000305,-0.17965474724769592,0.9013607501983643,0.495023638010025,0.6447165608406067,-0.23807409405708313,0.8408874869346619,0.5658026337623596,0.6532965898513794,0.0010250622872263193,0.9996082186698914,0.5101488828659058,0.6562315225601196,-0.0009311022004112601,0.9995834231376648,0.5846571326255798,0.7222073674201965,-0.3459087908267975,0.9815208911895752,0.48782840371131897,0.7291654944419861,-0.3240136504173279,0.9762846827507019,0.5775021314620972,0.9050313234329224,-0.2335178405046463,0.9785497784614563,0.49361175298690796,0.9096869826316833,-0.2232324779033661,0.9688132405281067,0.5684428215026855,0.9285872578620911,-0.22756946086883545,0.8385202884674072,0.49985384941101074,0.9293819069862366,-0.21816305816173553,0.760242223739624,0.5905312299728394,0.9560428857803345,-0.3671211004257202,0.9728909730911255,0.4790361821651459,0.9597312808036804,-0.35647422075271606,0.9611887335777283
2,levantarse_20241124,0.5312121510505676,0.3594967722892761,-0.2333618849515915,0.9999905824661255,0.5355175733566284,0.3451014757156372,-0.21748492121696472,0.9999735951423645,0.5388482809066772,0.3447313606739044,-0.21749643981456757,0.9999749660491943,0.5420557260513306,0.3445259630680084,-0.21752946078777313,0.999975860118866,0.5258833169937134,0.345827579498291,-0.2159050703048706,0.9999703168869019,0.522511899471283,0.34593847393989563,-0.2159896343946457,0.999968945980072,0.5196451544761658,0.3462545573711395,-0.21599993109703064,0.9999678134918213,0.5491229295730591,0.35207313299179077,-0.11625343561172485,0.9999508857727051,0.5164978504180908,0.35576269030570984,-0.10957516729831696,0.9999393820762634,0.5378662943840027,0.3756745755672455,-0.1946052610874176,0.9999871253967285,0.5259634852409363,0.3770543336868286,-0.1928403675556183,0.999987006187439,0.5859296917915344,0.44660770893096924,-0.05374477431178093,0.9999704360961914,0.48997431993484497,0.45173004269599915,-0.04756956174969673,0.9999501705169678,0.6005803346633911,0.5613853931427002,-0.0796457976102829,0.9910641312599182,0.4635412096977234,0.5564773678779602,-0.08449213951826096,0.9827090501785278,0.5944362878799438,0.6431776285171509,-0.2145194560289383,0.9630886912345886,0.4839768409729004,0.6326359510421753,-0.24180448055267334,0.9296046495437622,0.5964318513870239,0.6699484586715698,-0.2456953227519989,0.9211220145225525,0.4848538339138031,0.6558405756950378,-0.28099554777145386,0.8651772141456604,0.5869278311729431,0.6644813418388367,-0.2713317275047302,0.9238434433937073,0.49398094415664673,0.6483203172683716,-0.2944551110267639,0.8695998787879944,0.5837068557739258,0.6554888486862183,-0.22572946548461914,0.9038036465644836,0.49572786688804626,0.6416230201721191,-0.24899396300315857,0.8468180298805237,0.5658339262008667,0.6437031030654907,0.0010232235072180629,0.9996429085731506,0.5111309289932251,0.6416524052619934,-0.0009090647799894214,0.9996199607849121,0.5866223573684692,0.7222936749458313,-0.33156052231788635,0.9829468727111816,0.4900268614292145,0.724174439907074,-0.3171655237674713,0.9781898260116577,0.5762153267860413,0.9058080315589905,-0.2397797852754593,0.9795916676521301,0.4930168092250824,0.9059442281723022,-0.23551049828529358,0.9709123373031616,0.5687184929847717,0.9314805865287781,-0.2364940345287323,0.8497014045715332,0.4977312684059143,0.9296539425849915,-0.23244976997375488,0.7787963151931763,0.5883148908615112,0.9555475115776062,-0.3813977539539337,0.9742276668548584,0.4788537621498108,0.957610547542572,-0.3756813406944275,0.9635510444641113
3,levantarse_20241124,0.5313382744789124,0.34829407930374146,-0.25089216232299805,0.9999914169311523,0.5369684100151062,0.3347685635089874,-0.23547036945819855,0.9999760985374451,0.5403898358345032,0.3348855674266815,-0.2354852855205536,0.9999773502349854,0.5437217950820923,0.33494555950164795,-0.23551741242408752,0.9999781250953674,0.5262712836265564,0.3345095217227936,-0.2337878942489624,0.9999731183052063,0.5228670835494995,0.3347669839859009,-0.233857661485672,0.999971866607666,0.519771933555603,0.3351250886917114,-0.2338603436946869,0.9999708533287048,0.5506373643875122,0.34158560633659363,-0.1366519182920456,0.9999556541442871,0.516282320022583,0.34356164932250977,-0.1292048990726471,0.9999452233314514,0.5388896465301514,0.3650906980037689,-0.21302688121795654,0.9999883770942688,0.5252705812454224,0.3661770224571228,-0.2109859436750412,0.9999882578849792,0.5864829421043396,0.43547824025154114,-0.07606040686368942,0.9999728202819824,0.4893198013305664,0.4413328468799591,-0.06328358501195908,0.9999544620513916,0.601316511631012,0.5544557571411133,-0.09572498500347137,0.991119921207428,0.46588125824928284,0.5513148307800293,-0.09081163257360458,0.9832394123077393,0.5927894115447998,0.6416427493095398,-0.2244454324245453,0.9628905653953552,0.4846373498439789,0.6323443651199341,-0.23705244064331055,0.9320410490036011,0.5963992476463318,0.6677380800247192,-0.2576902508735657,0.9218116998672485,0.4854550361633301,0.6564626097679138,-0.27395036816596985,0.8696698546409607,0.5878692865371704,0.6626553535461426,-0.28181955218315125,0.9245310425758362,0.49393120408058167,0.6490595936775208,-0.2901404798030853,0.873989999294281,0.5845007300376892,0.6534155011177063,-0.2355605810880661,0.9044559597969055,0.4959631562232971,0.642232358455658,-0.24598829448223114,0.851514458656311,0.5658839344978333,0.6349156498908997,0.0007206223090179265,0.9996733665466309,0.5119141340255737,0.6335283517837524,-0.0005750003037974238,0.999651312828064,0.5884642601013184,0.7180593013763428,-0.3207036852836609,0.9842000603675842,0.4910615384578705,0.7240085005760193,-0.29071754217147827,0.9798579216003418,0.5757288336753845,0.9058220982551575,-0.22274228930473328,0.9805691838264465,0.49311405420303345,0.9057374596595764,-0.20610761642456055,0.972953736782074,0.5685402750968933,0.9313501715660095,-0.21915915608406067,0.859835684299469,0.49779191613197327,0.9306620955467224,-0.2032034695148468,0.7967767119407654,0.5859972238540649,0.9539540410041809,-0.3591966927051544,0.9753714203834534,0.4776315689086914,0.9571910500526428,-0.3391222357749939,0.9658511877059937
4,levantarse_20241124,0.5304933786392212,0.33531296253204346,-0.2767881751060486,0.9999920725822449,0.5368002653121948,0.3214443624019623,-0.2613655924797058,0.9999780654907227,0.5406343936920166,0.32166680693626404,-0.26138290762901306,0.9999791979789734,0.5439019203186035,0.3218730390071869,-0.2614178955554962,0.9999799132347107,0.5253379940986633,0.32103461027145386,-0.25930750370025635,0.999975323677063,0.5218756198883057,0.321209579706192,-0.2593744397163391,0.9999741911888123,0.5188539028167725,0.32167336344718933,-0.25938501954078674,0.9999733567237854,0.5510694980621338,0.3294813334941864,-0.1611391305923462,0.9999596476554871,0.5162517428398132,0.33035150170326233,-0.15201926231384277,0.9999500513076782,0.5390125513076782,0.35245129466056824,-0.2385120689868927,0.9999894499778748,0.5249062180519104,0.35321128368377686,-0.23597581684589386,0.9999893307685852,0.5864480137825012,0.42610877752304077,-0.0986899808049202,0.99997478723526,0.48928627371788025,0.429717093706131,-0.08372126519680023,0.999958336353302,0.5998638868331909,0.5466772317886353,-0.11463560909032822,0.9910921454429626,0.46723809838294983,0.5429745316505432,-0.10187138617038727,0.9838157296180725,0.5936389565467834,0.63780277967453,-0.25796279311180115,0.9623810648918152,0.4838322699069977,0.6276683807373047,-0.2527635097503662,0.9349295496940613,0.5988448262214661,0.6649216413497925,-0.29835981130599976,0.9219769239425659,0.4847346246242523,0.6541386246681213,-0.2910463809967041,0.8749886155128479,0.590831995010376,0.6605820655822754,-0.32070499658584595,0.9247401356697083,0.4930712580680847,0.6471483707427979,-0.3104023337364197,0.8791625499725342,0.5869781970977783,0.6512249708175659,-0.2697916030883789,0.9043949246406555,0.49529141187667847,0.6394454836845398,-0.2633073925971985,0.8569336533546448,0.5668799877166748,0.6271887421607971,0.0005622916505672038,0.9997012615203857,0.5124685168266296,0.6263280510902405,-0.0004189289757050574,0.9996802806854248,0.5896917581558228,0.717907190322876,-0.3143697679042816,0.9851605296134949,0.4914824068546295,0.7244575619697571,-0.27499058842658997,0.9812375903129578,0.5768352746963501,0.908605694770813,-0.20908930897712708,0.9812899231910706,0.49330371618270874,0.9058955907821655,-0.1775038093328476,0.9746292233467102,0.5691784024238586,0.9340528845787048,-0.20532207190990448,0.8685774207115173,0.4982140064239502,0.9333909749984741,-0.17399881780147552,0.8122188448905945,0.5888495445251465,0.9549009799957275,-0.3473432660102844,0.9761726260185242,0.47653841972351074,0.9582652449607849,-0.3086617887020111,0.9676721096038818
5,levantarse_20241124,0.532171368598938,0.33320772647857666,-0.2983599603176117,0.9999925494194031,0.537851095199585,0.3150242567062378,-0.2830658555030823,0.999979555606842,0.5415753126144409,0.31356823444366455,-0.2830732464790344,0.9999804496765137,0.5446982979774475,0.3125385344028473,-0.2831105589866638,0.999981164932251,0.5267525315284729,0.320433646440506,-0.2818838655948639,0.9999770522117615,0.5234705209732056,0.3194718062877655,-0.2819518744945526,0.9999760389328003,0.5202223658561707,0.31830349564552307,-0.28196853399276733,0.9999754428863525,0.5515174269676208,0.3168054223060608,-0.1798647940158844,0.9999627470970154,0.5164011120796204,0.3279784619808197,-0.17435404658317566,0.9999541640281677,0.540709376335144,0.349977046251297,-0.25838080048561096,0.9999902844429016,0.5268386602401733,0.3485076427459717,-0.2568836808204651,0.9999902248382568,0.5875570774078369,0.4154524803161621,-0.10700271278619766,0.9999759197235107,0.4881059527397156,0.42359450459480286,-0.09981247782707214,0.9999617338180542,0.6006059646606445,0.5408322215080261,-0.09142015874385834,0.9907644987106323,0.468083918094635,0.534705638885498,-0.09136299788951874,0.9847040772438049,0.5978785753250122,0.6340430974960327,-0.2003614604473114,0.9605698585510254,0.48416152596473694,0.6252607107162476,-0.19470767676830292,0.9382583498954773,0.6031631827354431,0.6624053716659546,-0.23424236476421356,0.919207751750946,0.484095960855484,0.6531960964202881,-0.22747966647148132,0.880138099193573,0.5946129560470581,0.6584603786468506,-0.2602568566799164,0.9221590757369995,0.4922492504119873,0.6467516422271729,-0.25100094079971313,0.8841858506202698,0.5906423330307007,0.6494603753089905,-0.21297690272331238,0.9013373255729675,0.49488401412963867,0.6387844681739807,-0.2057061493396759,0.8623526692390442,0.5676128268241882,0.6242123246192932,0.00017264271446038038,0.9997233748435974,0.513053297996521,0.626173734664917,-4.727406849269755e-05,0.9997048377990723,0.5907135009765625,0.7170450687408447,-0.3044229745864868,0.9858714938163757,0.4902927875518799,0.7245856523513794,-0.2701151967048645,0.9825095534324646,0.5775906443595886,0.9097138047218323,-0.1867995262145996,0.9818263649940491,0.4933447241783142,0.9060373902320862,-0.1585826426744461,0.9761866927146912,0.5688892602920532,0.9348903298377991,-0.18198241293430328,0.8759902119636536,0.5000004768371582,0.934580385684967,-0.15372654795646667,0.8261740207672119,0.5898679494857788,0.9548980593681335,-0.3221946954727173,0.9767946004867554,0.4756371080875397,0.9585739970207214,-0.28666940331459045,0.9693527817726135
6,levantarse_20241124,0.5315197706222534,0.3082626461982727,-0.3012291491031647,0.9999929070472717,0.5368276834487915,0.2894968092441559,-0.28652775287628174,0.9999806880950928,0.5406765937805176,0.2881770730018616,-0.2865346074104309,0.9999812841415405,0.5437663793563843,0.2869797348976135,-0.28657418489456177,0.9999819993972778,0.5257405638694763,0.29369649291038513,-0.28489482402801514,0.9999784231185913,0.5224798917770386,0.2941060960292816,-0.2849625051021576,0.9999774098396301,0.5194377899169922,0.2945815324783325,-0.2849844694137573,0.999977171421051,0.5508306622505188,0.29279249906539917,-0.18164905905723572,0.9999650716781616,0.5168665647506714,0.30377650260925293,-0.17366760969161987,0.9999576210975647,0.5407100915908813,0.3239057660102844,-0.26006823778152466,0.9999909400939941,0.5265883207321167,0.3251262307167053,-0.25792911648750305,0.9999909400939941,0.587937593460083,0.39405399560928345,-0.10173884779214859,0.999976396560669,0.48776775598526,0.40781110525131226,-0.09460137784481049,0.9999648928642273,0.5993895530700684,0.5236371755599976,-0.07504065334796906,0.9895590543746948,0.46872323751449585,0.5341784954071045,-0.07179508358240128,0.9854506254196167,0.5978153944015503,0.6319797039031982,-0.17246438562870026,0.9542153477668762,0.4844636023044586,0.6216434836387634,-0.16206659376621246,0.9408664703369141,0.6041983366012573,0.6599228978157043,-0.2024344503879547,0.9096435904502869,0.4838181436061859,0.6497229933738708,-0.19063936173915863,0.8838467597961426,0.5969923734664917,0.6563470363616943,-0.229486346244812,0.9130018949508667,0.49125856161117554,0.6439573764801025,-0.2157035619020462,0.8878797888755798,0.5927440524101257,0.647588849067688,-0.18520955741405487,0.8909537196159363,0.49362343549728394,0.6357604265213013,-0.17327502369880676,0.8663275241851807,0.5668843984603882,0.613537073135376,-0.00017218624998349696,0.9997420310974121,0.5124675631523132,0.6166959404945374,0.0002802192175295204,0.9997263550758362,0.5889273881912231,0.7142464518547058,-0.30284956097602844,0.9865400195121765,0.4920928478240967,0.7239060997962952,-0.27626797556877136,0.9836997389793396,0.5781261920928955,0.9081322550773621,-0.18346360325813293,0.9822616577148438,0.4934089183807373,0.9062638282775879,-0.16234426200389862,0.9774808287620544,0.5695759057998657,0.9344192743301392,-0.17850005626678467,0.8814783692359924,0.4989777207374573,0.9346476793289185,-0.15714231133460999,0.8376709222793579,0.586978018283844,0.953163206577301,-0.32465383410453796,0.9773022532463074,0.47570323944091797,0.958133339881897,-0.2971576154232025,0.9707769751548767
7,levantarse_20241124,0.5301020741462708,0.28338634967803955,-0.3071078956127167,0.9999931454658508,0.5363579988479614,0.2655002474784851,-0.29569002985954285,0.9999814629554749,0.540353536605835,0.26483598351478577,-0.29569149017333984,0.9999817609786987,0.5435945987701416,0.2645939886569977,-0.2957700788974762,0.9999825954437256,0.5248790979385376,0.268686980009079,-0.2891169488430023,0.9999794363975525,0.521581768989563,0.2696619927883148,-0.2891683578491211,0.9999783635139465,0.5187590718269348,0.27044329047203064,-0.2892053425312042,0.9999785423278809,0.5508805513381958,0.271772563457489,-0.19429919123649597,0.9999668598175049,0.5171575546264648,0.27809789776802063,-0.18366505205631256,0.9999601244926453,0.5396615266799927,0.30110791325569153,-0.26626327633857727,0.9999914169311523,0.5249140858650208,0.3020918667316437,-0.2624166011810303,0.9999915361404419,0.5873643159866333,0.37382417917251587,-0.10737033188343048,0.9999764561653137,0.4884216785430908,0.3843493163585663,-0.10383708775043488,0.9999675750732422,0.5995684862136841,0.5046408176422119,-0.09420150518417358,0.9885442852973938,0.4701603353023529,0.515177845954895,-0.0803116038441658,0.985925018787384,0.5989348292350769,0.6232700943946838,-0.18453902006149292,0.9467455148696899,0.4834791123867035,0.6207361817359924,-0.16375407576560974,0.9420286417007446,0.6056190729141235,0.6570780277252197,-0.2134668081998825,0.8975620269775391,0.4816211760044098,0.647627055644989,-0.19026698172092438,0.8848138451576233,0.5988970994949341,0.6547697186470032,-0.24010178446769714,0.9013087153434753,0.48893728852272034,0.6420544385910034,-0.2166280299425125,0.8889147043228149,0.5947279930114746,0.6456508040428162,-0.19672004878520966,0.8779417872428894,0.49141788482666016,0.6342247724533081,-0.1754404753446579,0.867343008518219,0.5668370127677917,0.5970076322555542,-0.0005672742845490575,0.9997600317001343,0.5122819542884827,0.5983870029449463,0.0006365535082295537,0.9997459053993225,0.5880967378616333,0.7126548886299133,-0.3068459630012512,0.9869856238365173,0.49377933144569397,0.7231190800666809,-0.26384371519088745,0.9846013188362122,0.5782803297042847,0.9070828557014465,-0.1825091391801834,0.9824972748756409,0.4934769570827484,0.9064072370529175,-0.1465730369091034,0.9783778786659241,0.5696353912353516,0.934020459651947,-0.17715255916118622,0.8855797052383423,0.4989899694919586,0.9347332715988159,-0.1414797008037567,0.8457536101341248,0.5880133509635925,0.9526230096817017,-0.32516026496887207,0.9775646328926086,0.4762822687625885,0.957693338394165,-0.2827889025211334,0.971704363822937
8,levantarse_20241124,0.5267660021781921,0.25965237617492676,-0.32308802008628845,0.9999932646751404,0.5331200957298279,0.24361875653266907,-0.31079909205436707,0.9999818205833435,0.5371168851852417,0.24336878955364227,-0.3108011782169342,0.9999819397926331,0.5407413244247437,0.24334344267845154,-0.31085342168807983,0.9999829530715942,0.5223168730735779,0.245808944106102,-0.3007170557975769,0.9999799132347107,0.5194993019104004,0.24658244848251343,-0.3007590174674988,0.9999787211418152,0.51719069480896,0.24727877974510193,-0.30079028010368347,0.9999791979789734,0.5486218929290771,0.2513566315174103,-0.21319356560707092,0.9999682903289795,0.5180605053901672,0.25598689913749695,-0.18807366490364075,0.999961256980896,0.5356699228286743,0.27734965085983276,-0.28593188524246216,0.999991774559021,0.5217622518539429,0.27803099155426025,-0.27393847703933716,0.9999918937683105,0.5868543982505798,0.3536838889122009,-0.13826754689216614,0.9999768137931824,0.4892675280570984,0.3630153238773346,-0.10504032671451569,0.9999698996543884,0.5976721048355103,0.48553991317749023,-0.10645689815282822,0.9886959195137024,0.4707624316215515,0.4890941083431244,-0.06697898358106613,0.9861025214195251,0.5994802713394165,0.604202926158905,-0.19940796494483948,0.9462113380432129,0.4810585379600525,0.6066722869873047,-0.1523396372795105,0.9429547190666199,0.6063597202301025,0.6404962539672852,-0.22911755740642548,0.895767092704773,0.47803521156311035,0.6388098001480103,-0.17879432439804077,0.8859161138534546,0.599295437335968,0.6395673155784607,-0.2564331591129303,0.8995445370674133,0.4854657053947449,0.6332210302352905,-0.20679494738578796,0.8899410367012024,0.5948729515075684,0.6281459927558899,-0.21156997978687286,0.8752288818359375,0.48831701278686523,0.6227824091911316,-0.16516737639904022,0.8678752183914185,0.5662370920181274,0.5846295952796936,-0.0016216611256822944,0.9997778534889221,0.5118057727813721,0.5852042436599731,0.0016069641569629312,0.9997652173042297,0.5862621068954468,0.7140395045280457,-0.27962860465049744,0.9871020317077637,0.4937925338745117,0.7217714190483093,-0.23624961078166962,0.9855763912200928,0.5781311988830566,0.9069536924362183,-0.15761658549308777,0.9826679229736328,0.49345365166664124,0.9065093398094177,-0.1043374314904213,0.979331910610199,0.5684888362884521,0.9334163069725037,-0.15262065827846527,0.8882670998573303,0.49945521354675293,0.9346529841423035,-0.09949702024459839,0.851609468460083,0.5912404656410217,0.95301353931427,-0.29278936982154846,0.9775567650794983,0.4763176441192627,0.95762699842453,-0.23893669247627258,0.9726099371910095
9,levantarse_20241124,0.5276554226875305,0.24287328124046326,-0.3372551500797272,0.999993622303009,0.5343412756919861,0.22593197226524353,-0.3229520320892334,0.9999827146530151,0.5385631322860718,0.22561223804950714,-0.32296404242515564,0.9999827146530151,0.5423040986061096,0.2257508635520935,-0.3230011761188507,0.9999837279319763,0.5229799747467041,0.22864185273647308,-0.31745031476020813,0.9999809265136719,0.5199195146560669,0.2296360582113266,-0.31749603152275085,0.9999796748161316,0.5174951553344727,0.23054389655590057,-0.31751400232315063,0.9999802708625793,0.549792468547821,0.23480145633220673,-0.21788263320922852,0.9999703168869019,0.5170648097991943,0.23950625956058502,-0.19624394178390503,0.9999635219573975,0.5374847054481506,0.26173755526542664,-0.2967981994152069,0.9999922513961792,0.5223520994186401,0.26270321011543274,-0.28951019048690796,0.9999923706054688,0.5869037508964539,0.3403643071651459,-0.14056259393692017,0.9999781847000122,0.4894799590110779,0.34506237506866455,-0.10540145635604858,0.9999719858169556,0.5973495244979858,0.4735914468765259,-0.1063036173582077,0.989122211933136,0.47138065099716187,0.4741077125072479,-0.07514631748199463,0.986453652381897,0.5978133678436279,0.5893300771713257,-0.20190370082855225,0.9487952589988708,0.4807248115539551,0.5942192673683167,-0.16923978924751282,0.9452735185623169,0.6053077578544617,0.6251749396324158,-0.23319992423057556,0.9001218676567078,0.4777803421020508,0.6281763911247253,-0.1976410150527954,0.8900299668312073,0.5973236560821533,0.6240752339363098,-0.2622438669204712,0.9038779735565186,0.48495277762413025,0.6231847405433655,-0.22445257008075714,0.8940129280090332,0.5927011370658875,0.6116423606872559,-0.21490752696990967,0.8799335956573486,0.48816099762916565,0.6122183799743652,-0.18208178877830505,0.872127115726471,0.5654008984565735,0.5751950144767761,-0.0027015130035579205,0.999794065952301,0.5103034377098083,0.5777783989906311,0.002650296548381448,0.9997822046279907,0.5847604274749756,0.7149227857589722,-0.2449587881565094,0.9875121116638184,0.49344849586486816,0.7222281694412231,-0.186665877699852,0.9864645600318909,0.5786765813827515,0.9071336388587952,-0.11214617639780045,0.9833559989929199,0.4929458200931549,0.9066348671913147,-0.05639013648033142,0.9803744554519653,0.5681715607643127,0.9330732822418213,-0.10735924541950226,0.8918755054473877,0.4991080164909363,0.9345433712005615,-0.051598768681287766,0.8580737709999084,0.5930303335189819,0.9534335732460022,-0.25582095980644226,0.9781206846237183,0.47681504487991333,0.9575100541114807,-0.18674658238887787,0.9736290574073792
10,levantarse_20241124,0.527161717414856,0.22609324753284454,-0.36371517181396484,0.9999932646751404,0.5340633392333984,0.2082783430814743,-0.35094618797302246,0.9999818205833435,0.5384045839309692,0.20750576257705688,-0.35096389055252075,0.9999816417694092,0.5423020124435425,0.2070917934179306,-0.3509964346885681,0.9999828338623047,0.5228339433670044,0.2113298624753952,-0.34686699509620667,0.9999802112579346,0.5198079943656921,0.21248111128807068,-0.3469240963459015,0.9999786615371704,0.5174660086631775,0.21338090300559998,-0.3469521999359131,0.9999793171882629,0.5494650602340698,0.21653176844120026,-0.24538154900074005,0.9999697804450989,0.5168447494506836,0.2239237278699875,-0.2268076241016388,0.9999620318412781,0.5373014211654663,0.2432052046060562,-0.3221035301685333,0.9999918937683105,0.5220804214477539,0.24503834545612335,-0.31672585010528564,0.9999918937683105,0.5865288972854614,0.3216676414012909,-0.16380412876605988,0.9999784231185913,0.48960962891578674,0.3303646743297577,-0.12785664200782776,0.9999728202819824,0.5977020263671875,0.45738738775253296,-0.12328853458166122,0.9896047115325928,0.47240781784057617,0.4598240256309509,-0.08113939315080643,0.9864135980606079,0.5981512069702148,0.5760167837142944,-0.2120107114315033,0.9519475698471069,0.47819647192955017,0.5813775658607483,-0.1749657541513443,0.9476269483566284,0.6048810482025146,0.6128416061401367,-0.2429507076740265,0.9056753516197205,0.47529029846191406,0.6173471212387085,-0.2026478350162506,0.8946136236190796,0.5961440205574036,0.6101236939430237,-0.277387410402298,0.9093523621559143,0.4823857843875885,0.6121111512184143,-0.23038189113140106,0.8986272811889648,0.5917946100234985,0.5969645380973816,-0.22626586258411407,0.8863627314567566,0.4857465326786041,0.5995528697967529,-0.18828490376472473,0.8773295283317566,0.5668484568595886,0.5648171305656433,-0.004618754610419273,0.9997988343238831,0.5109030604362488,0.5666341781616211,0.00455962959676981,0.999788224697113,0.5836073160171509,0.717685341835022,-0.16084830462932587,0.9875720739364624,0.4951387941837311,0.7220218181610107,-0.10208658874034882,0.9869371652603149,0.5782322287559509,0.9075437188148499,-0.04202498123049736,0.9836811423301697,0.4930163323879242,0.9074408411979675,0.011297238059341908,0.9810549020767212,0.5681478977203369,0.9328794479370117,-0.038537174463272095,0.8942235112190247,0.4989868998527527,0.9348265528678894,0.014323756098747253,0.861707329750061,0.5921310782432556,0.9537158608436584,-0.17780080437660217,0.9782476425170898,0.47664690017700195,0.9576979875564575,-0.11460068076848984,0.9739658832550049
11,levantarse_20241124,0.5272607207298279,0.20205752551555634,-0.3365895450115204,0.9999932050704956,0.5344120264053345,0.1850605607032776,-0.3237631320953369,0.9999811053276062,0.5388002395629883,0.1848171055316925,-0.3237821161746979,0.9999808669090271,0.5427640676498413,0.18493783473968506,-0.3237527012825012,0.9999820590019226,0.5230430364608765,0.1872818022966385,-0.31966811418533325,0.9999797344207764,0.5198447108268738,0.18866445124149323,-0.3196914792060852,0.9999780058860779,0.5174609422683716,0.1898658275604248,-0.3197212219238281,0.9999784827232361,0.5496608018875122,0.1972903311252594,-0.22252289950847626,0.9999683499336243,0.5164568424224854,0.201995387673378,-0.20349732041358948,0.9999593496322632,0.5371960401535034,0.2198214828968048,-0.2970840632915497,0.9999914765357971,0.5217042565345764,0.22047846019268036,-0.2918469309806824,0.999991238117218,0.586501955986023,0.3030758202075958,-0.15904764831066132,0.9999779462814331,0.48908257484436035,0.3140881657600403,-0.10871545225381851,0.9999721646308899,0.5983971953392029,0.4381985664367676,-0.10561054944992065,0.9901424050331116,0.4734477996826172,0.4426838755607605,-0.04993980750441551,0.9856429100036621,0.598694920539856,0.5594221353530884,-0.1950722485780716,0.9555932283401489,0.47624731063842773,0.566132128238678,-0.13663414120674133,0.9498158693313599,0.6051307916641235,0.5974042415618896,-0.22425512969493866,0.9124556183815002,0.47374382615089417,0.6038801670074463,-0.16253092885017395,0.8992931246757507,0.5958129167556763,0.5939111709594727,-0.25884419679641724,0.9159339666366577,0.4810084402561188,0.5974010229110718,-0.19697119295597076,0.9033274054527283,0.5917510986328125,0.581148624420166,-0.20910926163196564,0.8943755030632019,0.4842139184474945,0.5838287472724915,-0.15186277031898499,0.8829918503761292,0.5678005814552307,0.5551964640617371,-0.006934492848813534,0.9997915029525757,0.5109430551528931,0.5569575428962708,0.006848802324384451,0.9997864961624146,0.5835810303688049,0.7208594679832458,-0.0786382257938385,0.9878155589103699,0.4965793192386627,0.7211802005767822,-0.04273735731840134,0.9875208735466003,0.5789395570755005,0.9075402021408081,0.036839559674263,0.9842766523361206,0.493355929851532,0.9074832201004028,0.07579042762517929,0.9820489287376404,0.5679771900177002,0.9326505064964294,0.03961091488599777,0.8948813676834106,0.49897366762161255,0.9346951246261597,0.07897517085075378,0.8659230470657349,0.5929787158966064,0.9539079666137695,-0.09162767976522446,0.9787287712097168,0.47677236795425415,0.957865834236145,-0.04194727912545204,0.9749001860618591
12,levantarse_20241124,0.5267074704170227,0.1922498643398285,-0.33563488721847534,0.9999926686286926,0.5337678790092468,0.17683647572994232,-0.3227349519729614,0.9999788403511047,0.5381135940551758,0.1766132414340973,-0.3227517902851105,0.9999786019325256,0.5421517491340637,0.17659443616867065,-0.32274872064590454,0.9999797940254211,0.5225483179092407,0.1787242740392685,-0.31958311796188354,0.9999775886535645,0.5193230509757996,0.1796770542860031,-0.31958267092704773,0.9999753832817078,0.5169602036476135,0.1804186999797821,-0.31961488723754883,0.9999755024909973,0.5491034984588623,0.18587668240070343,-0.22045493125915527,0.9999645352363586,0.5160380005836487,0.19052912294864655,-0.20289365947246552,0.9999510049819946,0.5364289283752441,0.2107500433921814,-0.2969866394996643,0.9999904632568359,0.5213531255722046,0.21169106662273407,-0.2904091775417328,0.9999896287918091,0.5860715508460999,0.2934361696243286,-0.15245793759822845,0.9999775886535645,0.48969143629074097,0.300923615694046,-0.10436832904815674,0.9999706745147705,0.5993480682373047,0.42585325241088867,-0.10669352114200592,0.9906595945358276,0.473482221364975,0.43108829855918884,-0.03838687390089035,0.9838229417800903,0.5994096994400024,0.5494519472122192,-0.19766667485237122,0.9589587450027466,0.47515735030174255,0.5534241199493408,-0.12222256511449814,0.9504270553588867,0.6050840616226196,0.5888622403144836,-0.22729980945587158,0.9187521934509277,0.4728449285030365,0.5925524234771729,-0.14715948700904846,0.9013583660125732,0.595434308052063,0.5843417048454285,-0.26143601536750793,0.9219992160797119,0.48033061623573303,0.5866706371307373,-0.1831395924091339,0.9054352641105652,0.5917313694953918,0.5713754892349243,-0.21158310770988464,0.9018000960350037,0.4834248423576355,0.5723922848701477,-0.1379532516002655,0.885906457901001,0.5681616067886353,0.5493119955062866,-0.010685710236430168,0.9997771382331848,0.5109689235687256,0.5482652187347412,0.010614359751343727,0.9997794032096863,0.5840027928352356,0.7237342000007629,-0.027493232861161232,0.988122820854187,0.49793338775634766,0.7210665941238403,0.008894134312868118,0.9881089925765991,0.5790070295333862,0.9063268303871155,0.08335227519273758,0.9849332571029663,0.4933985769748688,0.9063283205032349,0.12457118183374405,0.9831388592720032,0.5678964257240295,0.9314528703689575,0.08524247258901596,0.8948018550872803,0.49914973974227905,0.932502806186676,0.12741097807884216,0.8709938526153564,0.5917931795120239,0.9541240334510803,-0.043998826295137405,0.9793501496315002,0.4767692983150482,0.9580572247505188,0.008787490427494049,0.976161777973175
13,levantarse_20241124,0.5275105237960815,0.1751464158296585,-0.30049076676368713,0.9999922513961792,0.534420371055603,0.16099658608436584,-0.28624388575553894,0.999976634979248,0.5387657284736633,0.1612900346517563,-0.28625380992889404,0.9999764561653137,0.5427767634391785,0.16183064877986908,-0.2862136960029602,0.9999774694442749,0.5230678915977478,0.16241461038589478,-0.28373485803604126,0.9999756217002869,0.5197302103042603,0.1635400652885437,-0.28374844789505005,0.9999732375144958,0.5170785188674927,0.16479267179965973,-0.2837694585323334,0.9999731779098511,0.5495720505714417,0.17300817370414734,-0.18470323085784912,0.9999593496322632,0.5158626437187195,0.17742374539375305,-0.17280904948711395,0.9999439120292664,0.5376838445663452,0.19457083940505981,-0.2618701159954071,0.9999891519546509,0.5222347974777222,0.1949305236339569,-0.2583368420600891,0.9999880194664001,0.5865269899368286,0.28645795583724976,-0.12125261127948761,0.9999761581420898,0.49023836851119995,0.29157036542892456,-0.08913429826498032,0.999968409538269,0.5993840098381042,0.414154976606369,-0.07887445390224457,0.9907523989677429,0.4736752510070801,0.4218823313713074,-0.03492840752005577,0.982501208782196,0.60036700963974,0.5382400751113892,-0.17147418856620789,0.9613951444625854,0.4745694696903229,0.544575572013855,-0.1178813949227333,0.9504268765449524,0.6050785779953003,0.578278660774231,-0.19976197183132172,0.9234055876731873,0.47228479385375977,0.5838661193847656,-0.1447838544845581,0.9022428393363953,0.5957946181297302,0.573611855506897,-0.23508305847644806,0.9264945983886719,0.4797750413417816,0.5795702338218689,-0.1788358986377716,0.9063473343849182,0.5923336148262024,0.5606077313423157,-0.18615040183067322,0.9073584675788879,0.4828183054924011,0.5657236576080322,-0.13313733041286469,0.887517511844635,0.5684186220169067,0.5439184904098511,-0.009796098805963993,0.9997684359550476,0.510625958442688,0.5414125323295593,0.009737222455441952,0.9997778534889221,0.5833173394203186,0.723697304725647,-0.00926221814006567,0.9884469509124756,0.49958929419517517,0.7190977334976196,0.007527816109359264,0.9887269139289856,0.5790375471115112,0.9044349789619446,0.10557784140110016,0.9856233596801758,0.49378544092178345,0.9040133357048035,0.12839731574058533,0.9841926097869873,0.5683466792106628,0.9284213781356812,0.10807427018880844,0.8942410945892334,0.4993167519569397,0.928788423538208,0.13191701471805573,0.8746460676193237,0.591836154460907,0.9546962976455688,-0.02162626013159752,0.9801061749458313,0.47765326499938965,0.958014190196991,0.011461741290986538,0.9774155020713806
14,levantarse_20241124,0.5297895669937134,0.16473855078220367,-0.2932819724082947,0.9999921321868896,0.5366780757904053,0.1496599018573761,-0.2779025137424469,0.9999757409095764,0.5409190058708191,0.14971701800823212,-0.2779136598110199,0.9999755024909973,0.5444467067718506,0.15018188953399658,-0.27787163853645325,0.9999762773513794,0.5247247815132141,0.15156248211860657,-0.27702850103378296,0.9999749660491943,0.5211599469184875,0.15240240097045898,-0.27704522013664246,0.9999725818634033,0.517827033996582,0.15369516611099243,-0.277055561542511,0.9999724626541138,0.55060875415802,0.16124968230724335,-0.17272289097309113,0.9999566078186035,0.5157378911972046,0.16571761667728424,-0.168736070394516,0.9999420642852783,0.5397895574569702,0.18437911570072174,-0.25327056646347046,0.9999885559082031,0.5241456031799316,0.1851893961429596,-0.2521349787712097,0.9999874234199524,0.5865182876586914,0.2768762707710266,-0.10694713890552521,0.9999755620956421,0.48968690633773804,0.28477856516838074,-0.08791281282901764,0.9999668002128601,0.6002035140991211,0.40406498312950134,-0.0658627301454544,0.9908873438835144,0.47294625639915466,0.4170481264591217,-0.03953329473733902,0.9821187257766724,0.6020995378494263,0.5292792916297913,-0.16798828542232513,0.9638998508453369,0.4741499423980713,0.5359449982643127,-0.1255040168762207,0.9516931176185608,0.6065468192100525,0.5695381164550781,-0.19823001325130463,0.9282283186912537,0.4720087945461273,0.5757304430007935,-0.1542179435491562,0.9050459861755371,0.5973452925682068,0.5653660893440247,-0.2338762730360031,0.93113112449646,0.4794244170188904,0.5709400177001953,-0.1881197988986969,0.9090836644172668,0.5940188765525818,0.5524349808692932,-0.18327696621418,0.9131391048431396,0.48244157433509827,0.5570131540298462,-0.14075179398059845,0.8911189436912537,0.5687861442565918,0.5411388874053955,-0.009508738294243813,0.9997639060020447,0.5100604891777039,0.5387741327285767,0.00946817733347416,0.9997789263725281,0.5823788642883301,0.7223809957504272,0.002695180708542466,0.9889338612556458,0.49944597482681274,0.7188875675201416,0.012648005969822407,0.9893698692321777,0.5778471827507019,0.9033259153366089,0.12444265931844711,0.9863383173942566,0.4942607879638672,0.9021995663642883,0.13979680836200714,0.9851837754249573,0.5679148435592651,0.9264804124832153,0.12751957774162292,0.8940433859825134,0.4996352791786194,0.9254797101020813,0.14395581185817719,0.8785869479179382,0.5913105607032776,0.954846978187561,-0.0017825806280598044,0.9808607697486877,0.4776937961578369,0.9577508568763733,0.022566678002476692,0.9786005616188049
15,levantarse_20241124,0.5298126935958862,0.1529877781867981,-0.2671802043914795,0.9999918341636658,0.5369322299957275,0.13915039598941803,-0.2513655424118042,0.9999740719795227,0.5411734580993652,0.13953782618045807,-0.2513822913169861,0.999973714351654,0.5447578430175781,0.14028023183345795,-0.2513431906700134,0.9999744296073914,0.5249214172363281,0.13999043405056,-0.2499014437198639,0.999973475933075,0.5213567018508911,0.14071430265903473,-0.24990928173065186,0.9999709725379944,0.517987847328186,0.1416306346654892,-0.2499217540025711,0.9999707341194153,0.5507020354270935,0.15160591900348663,-0.1485319286584854,0.9999517798423767,0.5156529545783997,0.1532723307609558,-0.14246688783168793,0.9999368786811829,0.5394734144210815,0.17241284251213074,-0.22857293486595154,0.9999876022338867,0.5238967537879944,0.1720346063375473,-0.22686538100242615,0.9999862909317017,0.5862230658531189,0.26731133460998535,-0.0886160284280777,0.9999746680259705,0.4892443120479584,0.2762039005756378,-0.0709206610918045,0.9999642968177795,0.6005817651748657,0.394170343875885,-0.05260779336094856,0.9910466074943542,0.47224435210227966,0.4057376980781555,-0.029197007417678833,0.9812121391296387,0.6024194955825806,0.5235258936882019,-0.1529170423746109,0.9663313031196594,0.47391122579574585,0.5250144004821777,-0.11567165702581406,0.9516741633415222,0.6060684323310852,0.5638736486434937,-0.18330417573451996,0.9328716993331909,0.47113075852394104,0.5659574270248413,-0.14533570408821106,0.9059299826622009,0.5973466634750366,0.5598209500312805,-0.21835963428020477,0.9355913400650024,0.47893041372299194,0.5605296492576599,-0.17916034162044525,0.9099242091178894,0.5943249464035034,0.5463554263114929,-0.16787275671958923,0.9186394810676575,0.4820384085178375,0.5464953184127808,-0.1311301440000534,0.8925737142562866,0.568585216999054,0.534713089466095,-0.008257221430540085,0.9997609257698059,0.5097004175186157,0.5306017398834229,0.008200353011488914,0.9997800588607788,0.5817173719406128,0.7192045450210571,0.006742995232343674,0.9892140030860901,0.49971333146095276,0.714812159538269,0.008322148583829403,0.9899187088012695,0.5773186683654785,0.9016303420066833,0.1206766739487648,0.9868336319923401,0.4945993423461914,0.9013308882713318,0.13085024058818817,0.9860051870346069,0.5671938061714172,0.9250887632369995,0.12324629724025726,0.8939626216888428,0.49984127283096313,0.9236880540847778,0.13462048768997192,0.8805736899375916,0.5923032760620117,0.9549599289894104,-0.004842475987970829,0.981356680393219,0.47787946462631226,0.9576582312583923,0.013012667186558247,0.9795013070106506
16,levantarse_20241124,0.5304914712905884,0.1461411416530609,-0.26035913825035095,0.9999912977218628,0.5376487970352173,0.13069532811641693,-0.24434757232666016,0.9999716281890869,0.5418375730514526,0.13103975355625153,-0.24436914920806885,0.9999710917472839,0.5451920628547668,0.13172005116939545,-0.24434050917625427,0.9999716281890869,0.5252780914306641,0.13141168653964996,-0.24429476261138916,0.9999712109565735,0.5214680433273315,0.13199755549430847,-0.2442970722913742,0.9999685883522034,0.5178899168968201,0.13308365643024445,-0.24430641531944275,0.9999682307243347,0.550665020942688,0.14256936311721802,-0.13963176310062408,0.9999452233314514,0.5153828859329224,0.14496435225009918,-0.13991522789001465,0.9999318718910217,0.5396881699562073,0.16620740294456482,-0.22068265080451965,0.9999862909317017,0.5238897204399109,0.16690197587013245,-0.22078943252563477,0.9999850392341614,0.5861307382583618,0.259095162153244,-0.07657866925001144,0.9999741315841675,0.4887678027153015,0.2677953243255615,-0.07078178226947784,0.9999611377716064,0.6007062196731567,0.387752503156662,-0.036417119204998016,0.9910118579864502,0.47188201546669006,0.40108492970466614,-0.03514653071761131,0.980556309223175,0.603522539138794,0.5146154761314392,-0.133769690990448,0.9685137867927551,0.4737784266471863,0.5194714665412903,-0.12262801080942154,0.9515222311019897,0.6074157953262329,0.5560629367828369,-0.16394993662834167,0.9371550679206848,0.4710121154785156,0.5599600672721863,-0.15283098816871643,0.9067217707633972,0.5990225076675415,0.5533255934715271,-0.19934473931789398,0.9397078156471252,0.47874659299850464,0.5541115403175354,-0.1866406351327896,0.9106725454330444,0.5958204865455627,0.5386549234390259,-0.14906994998455048,0.923770010471344,0.4818252921104431,0.5404188632965088,-0.13804510235786438,0.8939398527145386,0.5691500902175903,0.531894862651825,-0.005824530962854624,0.9997583627700806,0.5094594359397888,0.5283102989196777,0.0057873413898050785,0.9997785091400146,0.5812892913818359,0.7153865098953247,0.013070465996861458,0.989618718624115,0.498983770608902,0.7135565876960754,0.009910762310028076,0.9904404878616333,0.5773109793663025,0.9006147384643555,0.1341046541929245,0.9873095154762268,0.49457675218582153,0.9002599716186523,0.1371026337146759,0.986714243888855,0.567173957824707,0.9244232177734375,0.13744987547397614,0.8935734629631042,0.4997568130493164,0.9220407009124756,0.1416032612323761,0.8819787502288818,0.5924716591835022,0.9550322890281677,0.010617323219776154,0.9817427396774292,0.4781552851200104,0.9576494097709656,0.01965714991092682,0.9802070260047913
17,levantarse_20241124,0.5327920913696289,0.13877949118614197,-0.267199844121933,0.9999911785125732,0.5395087003707886,0.12365519255399704,-0.2505360245704651,0.9999709725379944,0.5433893203735352,0.12393311411142349,-0.2505529820919037,0.9999703168869019,0.5463842749595642,0.12470930069684982,-0.25052380561828613,0.9999706149101257,0.5269260406494141,0.12434461712837219,-0.2513287663459778,0.9999706745147705,0.5229611396789551,0.12502864003181458,-0.25133413076400757,0.9999680519104004,0.5190640687942505,0.1262761354446411,-0.25133928656578064,0.9999674558639526,0.5511199831962585,0.1363062709569931,-0.1428946554660797,0.9999427795410156,0.5153137445449829,0.13944190740585327,-0.1476067453622818,0.9999313950538635,0.541291356086731,0.15866178274154663,-0.22664935886859894,0.999985933303833,0.5255105495452881,0.15998314321041107,-0.2279859483242035,0.9999846816062927,0.5865563154220581,0.2559891641139984,-0.07732273638248444,0.9999738931655884,0.48868513107299805,0.2612698972225189,-0.0787399560213089,0.9999604821205139,0.6021639108657837,0.38882124423980713,-0.030263785272836685,0.990890622138977,0.4716867506504059,0.395319402217865,-0.042204491794109344,0.980194628238678,0.6042025685310364,0.5152334570884705,-0.12361253798007965,0.9702771902084351,0.47356343269348145,0.5153443813323975,-0.12962570786476135,0.9509349465370178,0.6067370176315308,0.55720055103302,-0.1527327448129654,0.9406329393386841,0.4709751009941101,0.555109977722168,-0.15926669538021088,0.9067045450210571,0.5987229943275452,0.553873598575592,-0.1880011111497879,0.9430544972419739,0.47887930274009705,0.5489866733551025,-0.19249539077281952,0.9105920791625977,0.5958176851272583,0.5398637652397156,-0.138770192861557,0.9279583096504211,0.48184734582901,0.5360110998153687,-0.14483217895030975,0.8944176435470581,0.5694443583488464,0.5298993587493896,-0.002147252671420574,0.9997598528862,0.5092743635177612,0.5257343053817749,0.002124377526342869,0.9997815489768982,0.5810205936431885,0.7155818343162537,0.014657695777714252,0.9897445440292358,0.49854665994644165,0.7109376788139343,0.009735291823744774,0.9907669425010681,0.5768797397613525,0.9006192684173584,0.13498368859291077,0.9875000715255737,0.49455398321151733,0.8992354273796082,0.14372162520885468,0.9871408939361572,0.5669602155685425,0.9244769811630249,0.13835570216178894,0.8936748504638672,0.49964508414268494,0.9211148023605347,0.1488248109817505,0.8822704553604126,0.5924563407897949,0.9551088809967041,0.014143012464046478,0.9817343354225159,0.4784623086452484,0.9571752548217773,0.02770897187292576,0.980461061000824
18,levantarse_20241124,0.53242027759552,0.13564565777778625,-0.24276793003082275,0.9999911189079285,0.5392822623252869,0.11986890435218811,-0.22624556720256805,0.9999703764915466,0.5432895421981812,0.12012456357479095,-0.2262687236070633,0.9999694228172302,0.54637610912323,0.12109089642763138,-0.22623583674430847,0.9999694228172302,0.5266932249069214,0.12110365927219391,-0.22614872455596924,0.9999704360961914,0.5228009223937988,0.12214021384716034,-0.22614404559135437,0.9999678134918213,0.5189113020896912,0.12351075559854507,-0.2261488139629364,0.9999671578407288,0.5511224865913391,0.13275405764579773,-0.12303517758846283,0.9999399185180664,0.515190064907074,0.13535967469215393,-0.12354085594415665,0.9999319911003113,0.5410065650939941,0.1557079255580902,-0.20413748919963837,0.9999856352806091,0.5254088640213013,0.15706969797611237,-0.20420007407665253,0.9999845623970032,0.5863519906997681,0.25250089168548584,-0.06238728016614914,0.999973475933075,0.48878639936447144,0.25378358364105225,-0.06385575234889984,0.9999609589576721,0.6024821400642395,0.38295674324035645,-0.021410051733255386,0.9906774759292603,0.4713539183139801,0.3902323544025421,-0.03424789756536484,0.9803045988082886,0.60539710521698,0.5086933374404907,-0.11748490482568741,0.9717668294906616,0.47351717948913574,0.5088772177696228,-0.12299028784036636,0.9521422982215881,0.6075456738471985,0.5497366189956665,-0.14713580906391144,0.9436566233634949,0.4708578586578369,0.5484364628791809,-0.15358470380306244,0.9093605279922485,0.6002501249313354,0.5465681552886963,-0.18136639893054962,0.9459443688392639,0.47882795333862305,0.540652334690094,-0.18723542988300323,0.9130972623825073,0.5975580811500549,0.5315201878547668,-0.1325761079788208,0.93166184425354,0.48174160718917847,0.5270832777023315,-0.1384926587343216,0.8977164626121521,0.5696644186973572,0.5296011567115784,-0.001710270531475544,0.9997628927230835,0.5092543363571167,0.5262860059738159,0.001694758073426783,0.9997867345809937,0.5808315277099609,0.7152833938598633,0.010180964134633541,0.989913284778595,0.4981798231601715,0.7115275859832764,0.01286817342042923,0.9911537170410156,0.576579749584198,0.9006781578063965,0.13360121846199036,0.9876307249069214,0.4944329857826233,0.8990193605422974,0.14602528512477875,0.9876217842102051,0.5668200254440308,0.9245253801345825,0.13735496997833252,0.8936328291893005,0.49970221519470215,0.9207370281219482,0.15130715072155,0.8844983577728271,0.592363178730011,0.9559789299964905,0.016894806176424026,0.9815999865531921,0.4783860743045807,0.9574882388114929,0.0343405045568943,0.9808785915374756
19,levantarse_20241124,0.5319724678993225,0.13157524168491364,-0.223185732960701,0.9999911189079285,0.5388686060905457,0.11669374257326126,-0.20680108666419983,0.999970018863678,0.5429664850234985,0.11732073873281479,-0.20682701468467712,0.9999688267707825,0.5461873412132263,0.11848215758800507,-0.20680031180381775,0.9999686479568481,0.5263761281967163,0.11692945659160614,-0.20636339485645294,0.9999703764915466,0.5225405097007751,0.11765795946121216,-0.2063482701778412,0.9999677538871765,0.5187199115753174,0.1188136637210846,-0.20635147392749786,0.9999670386314392,0.5510865449905396,0.13047339022159576,-0.10713038593530655,0.9999376535415649,0.5150911808013916,0.13105015456676483,-0.10629811137914658,0.9999328255653381,0.5406357645988464,0.15264780819416046,-0.18615864217281342,0.9999852776527405,0.5251352190971375,0.15281856060028076,-0.18580278754234314,0.9999844431877136,0.5861595273017883,0.2492171823978424,-0.05165795609354973,0.999972939491272,0.4887095093727112,0.25031569600105286,-0.05330336093902588,0.999961256980896,0.6027061939239502,0.3791193962097168,-0.01329100877046585,0.9903020858764648,0.4711743891239166,0.38675811886787415,-0.02982531487941742,0.9801324605941772,0.6061962246894836,0.5062659382820129,-0.10395722091197968,0.972970187664032,0.47342339158058167,0.5051708221435547,-0.11676532030105591,0.9525611400604248,0.608407735824585,0.5463470816612244,-0.13273464143276215,0.9462225437164307,0.4707763195037842,0.5445306897163391,-0.14706875383853912,0.9108070135116577,0.6011600494384766,0.5437085628509521,-0.16599465906620026,0.9484043121337891,0.47876524925231934,0.5378876328468323,-0.17998351156711578,0.9144193530082703,0.5983754396438599,0.5294829607009888,-0.11866064369678497,0.9348422288894653,0.4816659986972809,0.5244868993759155,-0.1320301741361618,0.8997470140457153,0.5693742036819458,0.5294524431228638,-0.0012262894306331873,0.9997658729553223,0.5091858506202698,0.5258836150169373,0.0012188528198748827,0.9997914433479309,0.580766499042511,0.7151547074317932,0.010632297955453396,0.9898818731307983,0.49793028831481934,0.7119728922843933,0.0109889917075634,0.9914355874061584,0.5764768719673157,0.9007055759429932,0.12616124749183655,0.9875489473342896,0.4943320155143738,0.8990282416343689,0.13646769523620605,0.9879424571990967,0.5667712092399597,0.9246711134910583,0.1293049454689026,0.8929682970046997,0.49962276220321655,0.9208829998970032,0.14126719534397125,0.8856317400932312,0.593887209892273,0.9568449854850769,0.012684376910328865,0.9811018109321594,0.47832775115966797,0.9575571417808533,0.028197133913636208,0.9810082912445068
20,levantarse_20241124,0.5322577357292175,0.13308441638946533,-0.24955637753009796,0.9999909996986389,0.5392455458641052,0.1188250333070755,-0.2334441840648651,0.9999692440032959,0.5433480143547058,0.11941157281398773,-0.2334626019001007,0.9999678730964661,0.5464297533035278,0.12017334997653961,-0.23343749344348907,0.9999675154685974,0.5267146229743958,0.11868876218795776,-0.23304064571857452,0.9999697804450989,0.5228610038757324,0.11902792006731033,-0.23304501175880432,0.9999671578407288,0.5189952254295349,0.11977185308933258,-0.23305252194404602,0.9999663233757019,0.5511046051979065,0.13125695288181305,-0.12955763936042786,0.999934196472168,0.5150209665298462,0.1311192512512207,-0.1289791315793991,0.9999321699142456,0.5407851338386536,0.15486600995063782,-0.21062251925468445,0.9999846816062927,0.5253826379776001,0.1547374427318573,-0.21041277050971985,0.999984085559845,0.58612060546875,0.24932701885700226,-0.06658630818128586,0.9999725222587585,0.48861366510391235,0.24775895476341248,-0.062331922352313995,0.9999615550041199,0.6025851368904114,0.3794446289539337,-0.022698141634464264,0.9901256561279297,0.47109508514404297,0.38413265347480774,-0.030849698930978775,0.9801710844039917,0.6073733568191528,0.5056161284446716,-0.11738927662372589,0.974250316619873,0.4732738435268402,0.5022996068000793,-0.11914978921413422,0.9528914093971252,0.6104844808578491,0.5450299382209778,-0.1466943621635437,0.9487304091453552,0.47123709321022034,0.5424590110778809,-0.1474047750234604,0.9118348956108093,0.602972149848938,0.5420260429382324,-0.18171067535877228,0.950849175453186,0.4793992042541504,0.5357686281204224,-0.18330009281635284,0.9153587222099304,0.5997313261032104,0.5281217098236084,-0.1327657401561737,0.9379406571388245,0.4820234179496765,0.5226193070411682,-0.13303443789482117,0.9012043476104736,0.5691968202590942,0.5287166237831116,0.00022969546262174845,0.9997652173042297,0.5091392993927002,0.5238368511199951,-0.0002381248923484236,0.9997937679290771,0.5807327032089233,0.7148407101631165,0.01927812211215496,0.989788293838501,0.4977336823940277,0.7119702696800232,0.007320994045585394,0.9916872978210449,0.5763853788375854,0.9007774591445923,0.13493606448173523,0.98760586977005,0.49425292015075684,0.8989291787147522,0.13681164383888245,0.9882463812828064,0.5667545795440674,0.9246858358383179,0.13790813088417053,0.8936405777931213,0.499550998210907,0.9209356307983398,0.14164379239082336,0.8856791257858276,0.5943309664726257,0.9572663903236389,0.016189686954021454,0.9810271859169006,0.47840824723243713,0.957590639591217,0.02232748083770275,0.9811980724334717
21,levantarse_20241124,0.5324939489364624,0.13260865211486816,-0.23931562900543213,0.9999905228614807,0.5395031571388245,0.11855188012123108,-0.22247156500816345,0.9999668002128601,0.5436169505119324,0.11910037696361542,-0.2224961817264557,0.9999651312828064,0.5466121435165405,0.11973395943641663,-0.22246749699115753,0.9999644756317139,0.5268206000328064,0.1180519312620163,-0.22310808300971985,0.9999678134918213,0.5229288339614868,0.11822757869958878,-0.22310152649879456,0.9999650716781616,0.5190063714981079,0.11886255443096161,-0.22311505675315857,0.99996417760849,0.5511800646781921,0.1307934820652008,-0.1180235967040062,0.999925434589386,0.5149873495101929,0.12998519837856293,-0.12255620956420898,0.9999287724494934,0.5408564805984497,0.15491753816604614,-0.20021316409111023,0.9999829530715942,0.5254266858100891,0.15481433272361755,-0.2014666497707367,0.9999827742576599,0.5860229730606079,0.2489844411611557,-0.058251846581697464,0.9999708533287048,0.4885322153568268,0.246071919798851,-0.06326156854629517,0.9999610185623169,0.6023292541503906,0.37889763712882996,-0.019265495240688324,0.9893225431442261,0.47091493010520935,0.3827996253967285,-0.035605307668447495,0.9797859191894531,0.6074309945106506,0.5053814649581909,-0.11682868003845215,0.9747388362884521,0.4732123911380768,0.502005398273468,-0.12336580455303192,0.9528390765190125,0.6109393239021301,0.5466116666793823,-0.14645075798034668,0.9500686526298523,0.4714754521846771,0.541826605796814,-0.15248490869998932,0.912470817565918,0.6033633947372437,0.5437815189361572,-0.1815946400165558,0.9521660208702087,0.47989577054977417,0.5354675650596619,-0.18682807683944702,0.915921151638031,0.5999294519424438,0.5299273729324341,-0.132629856467247,0.9397209882736206,0.48254141211509705,0.5225088596343994,-0.137916699051857,0.9022364616394043,0.5690687894821167,0.5276947617530823,0.00019715089001692832,0.9997639060020447,0.5092032551765442,0.5235131978988647,-0.00020197770209051669,0.9997950792312622,0.5806426405906677,0.7145668864250183,0.012822821736335754,0.9896690249443054,0.4977979063987732,0.7121822834014893,0.011216919869184494,0.9918357133865356,0.5764515399932861,0.9008140563964844,0.12258864939212799,0.9875524044036865,0.4942696988582611,0.8987880349159241,0.13903608918190002,0.9884680509567261,0.5668606162071228,0.925050675868988,0.12497612088918686,0.8935391902923584,0.4995889663696289,0.9209178686141968,0.1437731385231018,0.8864563703536987,0.5956611037254333,0.9576775431632996,0.003971402999013662,0.9807627201080322,0.47855252027511597,0.9576233625411987,0.027438703924417496,0.9812993407249451
22,levantarse_20241124,0.5324282646179199,0.13141578435897827,-0.23532938957214355,0.9999897480010986,0.5395005941390991,0.11729521304368973,-0.2184915542602539,0.9999632239341736,0.5436463356018066,0.11779044568538666,-0.21851830184459686,0.9999611377716064,0.5466481447219849,0.11845303326845169,-0.2184896469116211,0.9999601244926453,0.5267614126205444,0.11688962578773499,-0.21914434432983398,0.9999648332595825,0.5228754878044128,0.1170741617679596,-0.21914255619049072,0.9999619722366333,0.518952488899231,0.11779443919658661,-0.2191619873046875,0.9999610781669617,0.5512896776199341,0.12987221777439117,-0.11412453651428223,0.9999141693115234,0.5149552822113037,0.12826542556285858,-0.11876197159290314,0.9999239444732666,0.5407806038856506,0.1531571000814438,-0.19621706008911133,0.9999806880950928,0.5253225564956665,0.15318109095096588,-0.19751426577568054,0.9999810457229614,0.5859676599502563,0.24836546182632446,-0.05589927360415459,0.9999682903289795,0.4884961247444153,0.2444716989994049,-0.06079753115773201,0.9999604225158691,0.6021541953086853,0.3790026009082794,-0.019382357597351074,0.9881632924079895,0.47078484296798706,0.38076791167259216,-0.03711795061826706,0.9792588353157043,0.6073073148727417,0.5065805912017822,-0.1186472550034523,0.9746005535125732,0.47359156608581543,0.5024402737617493,-0.12537485361099243,0.9522998332977295,0.6109765768051147,0.547627866268158,-0.14840960502624512,0.9504681825637817,0.47236114740371704,0.5407534837722778,-0.15492196381092072,0.9123364090919495,0.6034616827964783,0.5447642803192139,-0.1841038316488266,0.9525696635246277,0.4808081090450287,0.5350730419158936,-0.18868908286094666,0.9157705903053284,0.5999596118927002,0.5311068892478943,-0.13484153151512146,0.9404311180114746,0.4833793044090271,0.5226329565048218,-0.1402403712272644,0.9025506377220154,0.569500207901001,0.5281391739845276,0.00010940271749859676,0.9997580647468567,0.509285032749176,0.5247509479522705,-0.00010897422907873988,0.9997947812080383,0.5805693864822388,0.71466463804245,0.013641241006553173,0.9895830750465393,0.4976878762245178,0.7128848433494568,0.012452553026378155,0.9919980764389038,0.5765204429626465,0.9008554220199585,0.12616971135139465,0.9874321222305298,0.49422797560691833,0.8988456130027771,0.13682419061660767,0.9886696338653564,0.5670627355575562,0.925458550453186,0.12866948544979095,0.8917028307914734,0.49965929985046387,0.9210222959518433,0.14118655025959015,0.8874315023422241,0.595683217048645,0.9576841592788696,0.007430286146700382,0.9803664088249207,0.4785289764404297,0.9577345252037048,0.024750450626015663,0.9814251065254211
23,levantarse_20241124,0.5324968099594116,0.13018351793289185,-0.2284480333328247,0.9999887347221375,0.5395947098731995,0.11588729918003082,-0.21167044341564178,0.9999587535858154,0.5437380075454712,0.11632244288921356,-0.21169796586036682,0.9999562501907349,0.5467373728752136,0.11695271730422974,-0.21167226135730743,0.9999549984931946,0.5268099308013916,0.11567384004592896,-0.21227023005485535,0.9999608397483826,0.5229130387306213,0.11591934412717819,-0.21226266026496887,0.999957799911499,0.5189882516860962,0.11669521033763885,-0.21228018403053284,0.9999569058418274,0.5514310002326965,0.12859347462654114,-0.1083064079284668,0.999900758266449,0.5149139761924744,0.12764793634414673,-0.11251892894506454,0.9999164938926697,0.5408536195755005,0.15177306532859802,-0.18973740935325623,0.9999774694442749,0.5253733992576599,0.1520574688911438,-0.19090962409973145,0.9999783039093018,0.585910439491272,0.24762509763240814,-0.051008570939302444,0.9999653697013855,0.48847562074661255,0.24296143651008606,-0.0569407157599926,0.9999591112136841,0.602071225643158,0.37826335430145264,-0.014658188447356224,0.9867850542068481,0.4707043766975403,0.37780171632766724,-0.03473464027047157,0.9788298010826111,0.6070991158485413,0.5045424699783325,-0.11051537841558456,0.9741237163543701,0.4736681580543518,0.49977391958236694,-0.11965367943048477,0.951528012752533,0.6108713150024414,0.5450935959815979,-0.13927051424980164,0.9502683877944946,0.4727165699005127,0.5384347438812256,-0.1494074910879135,0.9115741848945618,0.60353022813797,0.5420294404029846,-0.17497479915618896,0.9524117112159729,0.48119011521339417,0.5332974195480347,-0.18248161673545837,0.9150094985961914,0.6000292897224426,0.5284096002578735,-0.12676435708999634,0.9404592514038086,0.4837868809700012,0.5208743214607239,-0.1347721964120865,0.9022055864334106,0.5694557428359985,0.5274613499641418,7.189516327343881e-05,0.9997512102127075,0.5093199014663696,0.523781955242157,-7.670807826798409e-05,0.9997928738594055,0.5805157423019409,0.7146508097648621,0.010800226591527462,0.9893566966056824,0.49769601225852966,0.7129508852958679,0.009593958035111427,0.9920688271522522,0.576621413230896,0.9008920192718506,0.12062481790781021,0.9871959686279297,0.4942007064819336,0.8988248109817505,0.13049106299877167,0.9887534379959106,0.5671936273574829,0.925627589225769,0.1229238361120224,0.8887104988098145,0.49969252943992615,0.9210628867149353,0.13460390269756317,0.8872167468070984,0.5955471992492676,0.9577247500419617,0.0010493311565369368,0.9797830581665039,0.4785274565219879,0.9577457904815674,0.017694557085633278,0.9813817739486694
24,levantarse_20241124,0.5324056148529053,0.13181638717651367,-0.21514756977558136,0.9999877214431763,0.5394958257675171,0.1166316345334053,-0.19831767678260803,0.9999546408653259,0.5436474084854126,0.11690814048051834,-0.19834794104099274,0.9999520778656006,0.546664297580719,0.11751209944486618,-0.19832445681095123,0.999950647354126,0.5267423391342163,0.11685411632061005,-0.19839690625667572,0.9999567270278931,0.5228570699691772,0.11717050522565842,-0.19838519394397736,0.9999533891677856,0.5189622640609741,0.11806142330169678,-0.1984008550643921,0.9999523758888245,0.551391065120697,0.1293787956237793,-0.09634403884410858,0.9998902678489685,0.514858603477478,0.12933561205863953,-0.09817478805780411,0.9999077916145325,0.5407887697219849,0.15370970964431763,-0.17709346115589142,0.9999744296073914,0.5253211855888367,0.15394499897956848,-0.17759576439857483,0.9999755024909973,0.5858683586120605,0.24746271967887878,-0.0449092760682106,0.9999634027481079,0.488438218832016,0.24344630539417267,-0.04357824847102165,0.9999563097953796,0.6010815501213074,0.3789002001285553,-0.016009878367185593,0.9856113791465759,0.4702070653438568,0.3777143359184265,-0.03202510625123978,0.9777787923812866,0.6064891815185547,0.5054209232330322,-0.11312241852283478,0.9739875197410583,0.4736386239528656,0.4980957508087158,-0.12145973742008209,0.9497676491737366,0.6106995344161987,0.546267569065094,-0.1426086574792862,0.9506524801254272,0.472647488117218,0.5371419787406921,-0.14985854923725128,0.909657895565033,0.6034715175628662,0.5429983139038086,-0.17771156132221222,0.9527792930603027,0.48122602701187134,0.5323594212532043,-0.1838916838169098,0.9131112694740295,0.5999242067337036,0.5293734073638916,-0.12902283668518066,0.9409930109977722,0.4838732182979584,0.519821047782898,-0.1365145444869995,0.9006468653678894,0.5691540837287903,0.5277658700942993,-0.0008019341039471328,0.999748170375824,0.5092791318893433,0.5240089297294617,0.0008110950002446771,0.9997920393943787,0.5805414319038391,0.714417040348053,0.00748048722743988,0.9892961978912354,0.4976420998573303,0.7130404114723206,0.011277338489890099,0.992142379283905,0.5768945217132568,0.9008778929710388,0.11515094339847565,0.9871252179145813,0.4942471385002136,0.8988509178161621,0.1301671415567398,0.988889753818512,0.5674998760223389,0.9256499409675598,0.1173882856965065,0.8861842155456543,0.4997406005859375,0.9210913181304932,0.13410547375679016,0.8875036239624023,0.5957315564155579,0.9577329158782959,-0.00523852976039052,0.9794519543647766,0.4785178601741791,0.9577702283859253,0.018557269126176834,0.9814267754554749
25,levantarse_20241124,0.5323379635810852,0.131820946931839,-0.21736247837543488,0.9999867081642151,0.5394662618637085,0.1165492832660675,-0.2002318650484085,0.9999505281448364,0.5436050891876221,0.11680033802986145,-0.20026011765003204,0.9999476671218872,0.546629786491394,0.11736821383237839,-0.20023329555988312,0.9999458193778992,0.5267149209976196,0.1167546808719635,-0.20051829516887665,0.9999531507492065,0.5228441953659058,0.11704101413488388,-0.20050844550132751,0.9999496340751648,0.5189224481582642,0.11792800575494766,-0.20052607357501984,0.9999486804008484,0.5512585043907166,0.12925615906715393,-0.0972643569111824,0.999879002571106,0.5147508382797241,0.12935487926006317,-0.0999404564499855,0.9999009966850281,0.5407448410987854,0.15385647118091583,-0.17899903655052185,0.9999716877937317,0.5252734422683716,0.15408119559288025,-0.17973488569259644,0.9999732971191406,0.5854440331459045,0.24703748524188995,-0.0444965623319149,0.9999605417251587,0.4883913993835449,0.24386444687843323,-0.0443919375538826,0.9999545812606812,0.6001885533332825,0.3789905607700348,-0.016191348433494568,0.9841907620429993,0.4701165556907654,0.3788430094718933,-0.03376006707549095,0.9768485426902771,0.6061636209487915,0.5050050616264343,-0.11535565555095673,0.9733017086982727,0.4735933840274811,0.49762997031211853,-0.13368403911590576,0.9491190314292908,0.6105591058731079,0.5465514063835144,-0.1448691189289093,0.950207531452179,0.4726145267486572,0.5373655557632446,-0.16583454608917236,0.9093872904777527,0.6032004356384277,0.54341721534729,-0.18008355796337128,0.9523501992225647,0.48128676414489746,0.5322023034095764,-0.19756701588630676,0.9128108620643616,0.5996909141540527,0.5294997692108154,-0.1313822716474533,0.9406527280807495,0.4839302599430084,0.5191923379898071,-0.14886465668678284,0.9006572365760803,0.5687687993049622,0.52632075548172,-0.0013997071655467153,0.9997438192367554,0.5091108679771423,0.5234917998313904,0.001414772355929017,0.9997912645339966,0.5805129408836365,0.7133496403694153,0.004899359308183193,0.9893696308135986,0.49762120842933655,0.7127803564071655,0.012908725067973137,0.9922553896903992,0.5770236253738403,0.9007753133773804,0.11241310834884644,0.9872069954872131,0.49424242973327637,0.8988747596740723,0.13435891270637512,0.9891153573989868,0.5676957368850708,0.9256401658058167,0.11461426317691803,0.8842466473579407,0.4997716546058655,0.9211291074752808,0.138309508562088,0.8886969089508057,0.5956295728683472,0.9578799605369568,-0.008696024306118488,0.9794173240661621,0.4785004258155823,0.9581345319747925,0.02188294380903244,0.9816903471946716
26,levantarse_20241124,0.53228360414505,0.1323612928390503,-0.21362563967704773,0.9999852776527405,0.539410412311554,0.11693991720676422,-0.19668461382389069,0.9999450445175171,0.5435467958450317,0.1171862781047821,-0.19671329855918884,0.9999417662620544,0.5465893745422363,0.11777263134717941,-0.19668865203857422,0.9999394416809082,0.5266983509063721,0.11714920401573181,-0.19703309237957,0.9999483823776245,0.5228291749954224,0.11739826947450638,-0.19701796770095825,0.9999445676803589,0.5188748836517334,0.11824931204319,-0.19703784584999084,0.9999437928199768,0.5511627793312073,0.12986478209495544,-0.0946984589099884,0.9998645186424255,0.5146117806434631,0.12985579669475555,-0.0976104587316513,0.9998925924301147,0.54069983959198,0.15470056235790253,-0.17560526728630066,0.9999681115150452,0.525243878364563,0.15482698380947113,-0.17639794945716858,0.9999704957008362,0.5847319960594177,0.24715593457221985,-0.041531577706336975,0.9999567866325378,0.4882029891014099,0.24388565123081207,-0.04329831898212433,0.9999525547027588,0.598578929901123,0.3788889944553375,-0.013233495876193047,0.982215404510498,0.4699208736419678,0.379444420337677,-0.03475809097290039,0.9760259389877319,0.6045936346054077,0.5043185949325562,-0.11159223318099976,0.9720418453216553,0.47356653213500977,0.49804264307022095,-0.13766130805015564,0.9485657811164856,0.6100106239318848,0.546204686164856,-0.14064225554466248,0.948956310749054,0.4725772738456726,0.5375561118125916,-0.17012591660022736,0.9092254042625427,0.6031476855278015,0.5434274673461914,-0.17553392052650452,0.951124906539917,0.4813652038574219,0.5321375727653503,-0.20084407925605774,0.912595272064209,0.5995529294013977,0.5291659235954285,-0.12759247422218323,0.9394275546073914,0.48399633169174194,0.5192370414733887,-0.15259048342704773,0.9007931351661682,0.5677579641342163,0.5266047120094299,-0.0015449179336428642,0.9997373819351196,0.5087246298789978,0.523894727230072,0.0015632302965968847,0.9997894763946533,0.5801613926887512,0.7113727927207947,0.006147499196231365,0.9894457459449768,0.4974985122680664,0.7127729058265686,0.012196701020002365,0.9923679828643799,0.5770148634910583,0.9004653692245483,0.11346709728240967,0.987257719039917,0.4942391812801361,0.8988977074623108,0.13322094082832336,0.9892603158950806,0.5676989555358887,0.9254258871078491,0.11547281593084335,0.881836473941803,0.4997853636741638,0.9211207628250122,0.1372261345386505,0.8890421390533447,0.5951076149940491,0.9579182863235474,-0.007942350581288338,0.9792482852935791,0.47849375009536743,0.9584378004074097,0.02032354846596718,0.9817824363708496
27,levantarse_20241124,0.5322399139404297,0.13275647163391113,-0.20405714213848114,0.9999843835830688,0.5393953919410706,0.11732379347085953,-0.18720117211341858,0.999941885471344,0.5435258150100708,0.11753524839878082,-0.18723224103450775,0.9999381899833679,0.546574056148529,0.11810605973005295,-0.1872119903564453,0.9999355673789978,0.5266553163528442,0.1175546869635582,-0.18762466311454773,0.9999456405639648,0.5227953791618347,0.11778058856725693,-0.18761059641838074,0.9999417662620544,0.5188076496124268,0.11861394345760345,-0.18762950599193573,0.9999412298202515,0.5509855151176453,0.13014177978038788,-0.0855608582496643,0.9998556971549988,0.5144811272621155,0.1302163302898407,-0.08899898827075958,0.9998886585235596,0.540664553642273,0.15509065985679626,-0.16609454154968262,0.9999655485153198,0.5252171754837036,0.15526416897773743,-0.16702231764793396,0.9999686479568481,0.5840789675712585,0.24701780080795288,-0.03180154412984848,0.9999540448188782,0.4879266321659088,0.2440042346715927,-0.03679246827960014,0.9999515414237976,0.5968001484870911,0.3787040412425995,-0.003924758639186621,0.9803491830825806,0.46951350569725037,0.3793962597846985,-0.034466855227947235,0.9755878448486328,0.6035045981407166,0.5029875636100769,-0.10271984338760376,0.9711846709251404,0.47352665662765503,0.49845632910728455,-0.14121469855308533,0.948784589767456,0.609085202217102,0.5457214117050171,-0.13186360895633698,0.9481943845748901,0.4724530577659607,0.5378795862197876,-0.17440854012966156,0.910183846950531,0.6027593016624451,0.543306827545166,-0.16645555198192596,0.9503893256187439,0.4813370704650879,0.5323619246482849,-0.20419292151927948,0.9134640097618103,0.5991785526275635,0.5284746885299683,-0.11863718181848526,0.9387134909629822,0.4839717745780945,0.5195683240890503,-0.15582871437072754,0.9019563794136047,0.5671394467353821,0.5268996357917786,-0.0015571999829262495,0.9997337460517883,0.5085676908493042,0.5243098735809326,0.0015760328387841582,0.9997897148132324,0.5801550149917603,0.711237907409668,0.0067827338352799416,0.9893938899040222,0.4974612295627594,0.712941586971283,0.009759850800037384,0.992383599281311,0.5769476890563965,0.900184690952301,0.11406061798334122,0.9870815873146057,0.4942207336425781,0.8989349603652954,0.13067318499088287,0.9892339706420898,0.5676797032356262,0.9251147508621216,0.11616368591785431,0.8792392015457153,0.499750554561615,0.9211390018463135,0.13477951288223267,0.8877792358398438,0.5947743654251099,0.9579269289970398,-0.005875173956155777,0.9787815809249878,0.47849464416503906,0.9584464430809021,0.017411286011338234,0.9815588593482971
28,levantarse_20241124,0.5322235822677612,0.13294841349124908,-0.20574605464935303,0.999983549118042,0.5393577814102173,0.11747531592845917,-0.18883119523525238,0.9999384880065918,0.5434945821762085,0.1177019402384758,-0.18885982036590576,0.9999342560768127,0.5465565919876099,0.11827695369720459,-0.18884094059467316,0.999931275844574,0.5266367197036743,0.11767122149467468,-0.18962568044662476,0.9999428987503052,0.5227782726287842,0.11787894368171692,-0.18960854411125183,0.9999390244483948,0.5187796354293823,0.11865833401679993,-0.18962369859218597,0.9999387264251709,0.5507515072822571,0.13023822009563446,-0.0864543616771698,0.9998448491096497,0.514339804649353,0.13024568557739258,-0.09162336587905884,0.999885082244873,0.5406368374824524,0.15520364046096802,-0.16742204129695892,0.9999629259109497,0.525214672088623,0.1553746908903122,-0.1688549965620041,0.9999668002128601,0.5835645198822021,0.24695667624473572,-0.028492948040366173,0.999950647354126,0.48764556646347046,0.24418991804122925,-0.03951852023601532,0.999951183795929,0.5961998701095581,0.3790455758571625,0.008841601200401783,0.9786035418510437,0.46918588876724243,0.37955525517463684,-0.029964471235871315,0.9756373167037964,0.602521538734436,0.5032188296318054,-0.08213834464550018,0.970229983329773,0.4734896123409271,0.4989541471004486,-0.1272779107093811,0.9492537379264832,0.607925295829773,0.5464484095573425,-0.10939326137304306,0.9470474720001221,0.47238078713417053,0.5382920503616333,-0.15889933705329895,0.9111875891685486,0.6018989682197571,0.5439759492874146,-0.1440458595752716,0.9492886662483215,0.481314092874527,0.532694935798645,-0.188291534781456,0.9143436551094055,0.59833824634552,0.5292564630508423,-0.09787268936634064,0.9376072287559509,0.4839510917663574,0.5199288725852966,-0.14128021895885468,0.9030330777168274,0.5667322874069214,0.5271557569503784,-0.000688269326929003,0.9997305870056152,0.5083231329917908,0.5244274735450745,0.0007127290009520948,0.999790608882904,0.5799065232276917,0.7113171219825745,0.008804967626929283,0.9892209768295288,0.497473806142807,0.712999701499939,0.00871813204139471,0.9924184083938599,0.5767292380332947,0.9001830816268921,0.11648193746805191,0.9868113994598389,0.49421387910842896,0.8989699482917786,0.12750305235385895,0.9891939759254456,0.5676212310791016,0.9251086711883545,0.1187712699174881,0.8776419162750244,0.4997444748878479,0.9211514592170715,0.13140375912189484,0.8861150145530701,0.5946747064590454,0.9580556154251099,-0.0014505272265523672,0.9782050251960754,0.47853565216064453,0.958422839641571,0.013687117025256157,0.9812703728675842
29,levantarse_20241124,0.5322136878967285,0.13279704749584198,-0.1984688937664032,0.9999832510948181,0.5393108129501343,0.11738105118274689,-0.18130610883235931,0.9999372959136963,0.5434542894363403,0.11764109879732132,-0.18133357167243958,0.9999328255653381,0.5465346574783325,0.11820245534181595,-0.18131385743618011,0.9999297261238098,0.5266147255897522,0.1174546629190445,-0.18200096487998962,0.9999420642852783,0.5227637887001038,0.11763055622577667,-0.18198272585868835,0.9999381899833679,0.5187560319900513,0.11832568794488907,-0.18199293315410614,0.9999380707740784,0.5506343841552734,0.13008233904838562,-0.07905437052249908,0.9998406767845154,0.51418137550354,0.12991584837436676,-0.0839904248714447,0.9998841285705566,0.5406147837638855,0.1551932543516159,-0.16028615832328796,0.9999614953994751,0.5252004861831665,0.15529701113700867,-0.1616484820842743,0.9999658465385437,0.5832247734069824,0.24698032438755035,-0.023443398997187614,0.9999489784240723,0.48740658164024353,0.2441670149564743,-0.032750204205513,0.9999510049819946,0.595969557762146,0.37897250056266785,0.011206498369574547,0.9776880741119385,0.4690898358821869,0.37954601645469666,-0.022249599918723106,0.9755498766899109,0.6017540693283081,0.5031675100326538,-0.08073683083057404,0.9700844287872314,0.47345027327537537,0.4993020296096802,-0.11885162442922592,0.949633777141571,0.6070892214775085,0.5468751192092896,-0.10861925780773163,0.9470388293266296,0.47227463126182556,0.5386549830436707,-0.15039154887199402,0.9120674729347229,0.6010866165161133,0.5444312691688538,-0.14277461171150208,0.9492805004119873,0.4812958240509033,0.5330265760421753,-0.17993779480457306,0.9151341319084167,0.5974494218826294,0.5297090411186218,-0.09621042013168335,0.9376619458198547,0.48393550515174866,0.5203163027763367,-0.1328757405281067,0.9039782881736755,0.566360592842102,0.527193009853363,-0.0006382318679243326,0.9997300505638123,0.5081399083137512,0.5243173241615295,0.000663936953060329,0.9997928738594055,0.5796087384223938,0.7108897566795349,0.006937219761312008,0.9890345931053162,0.4975905418395996,0.7130359411239624,0.007283233106136322,0.9924219846725464,0.5766148567199707,0.9001779556274414,0.11536026000976562,0.986518144607544,0.4942067265510559,0.8991016745567322,0.12078376859426498,0.9891864061355591,0.5675742030143738,0.9251152276992798,0.11775855720043182,0.8756559491157532,0.49976158142089844,0.9213272929191589,0.1242922767996788,0.8851414322853088,0.594602644443512,0.9581037163734436,-0.003594773355871439,0.977615475654602,0.47855186462402344,0.9584255814552307,0.00683362502604723,0.9810518622398376
30,levantarse_20241124,0.5321711301803589,0.13284796476364136,-0.1963372528553009,0.9999830722808838,0.5392435789108276,0.11738854646682739,-0.17921677231788635,0.9999365210533142,0.5434107184410095,0.11767198890447617,-0.17924419045448303,0.999931812286377,0.5464810132980347,0.11825980246067047,-0.1792232096195221,0.9999285936355591,0.526463508605957,0.11736876517534256,-0.1799769103527069,0.9999414682388306,0.5226017236709595,0.1175331324338913,-0.1799614429473877,0.9999376535415649,0.5185517072677612,0.11823590844869614,-0.17997175455093384,0.9999375939369202,0.5505557060241699,0.13024112582206726,-0.07707258313894272,0.9998370409011841,0.513893723487854,0.1298551857471466,-0.08241008222103119,0.9998836517333984,0.5405517816543579,0.1553395390510559,-0.15818920731544495,0.9999603629112244,0.5250867605209351,0.15535694360733032,-0.15965189039707184,0.9999651312828064,0.5828348994255066,0.24705980718135834,-0.02125535160303116,0.9999479651451111,0.4872864782810211,0.24411924183368683,-0.0317649282515049,0.9999508857727051,0.5958054065704346,0.3786276578903198,0.012038927525281906,0.976905107498169,0.46903491020202637,0.37952911853790283,-0.021584002301096916,0.9755867719650269,0.6012921929359436,0.5023508071899414,-0.08152361959218979,0.9702298045158386,0.4733491837978363,0.4994187355041504,-0.11844173818826675,0.950182318687439,0.6067289710044861,0.5466558337211609,-0.10982473194599152,0.9474274516105652,0.4721849858760834,0.5389971137046814,-0.1500547081232071,0.9131923317909241,0.6007338166236877,0.5443860292434692,-0.14386679232120514,0.9496576189994812,0.4812852442264557,0.5333899855613708,-0.179718479514122,0.9161670207977295,0.5969680547714233,0.5295346975326538,-0.09698577225208282,0.938156247138977,0.48392337560653687,0.5206098556518555,-0.13250482082366943,0.9051953554153442,0.5662299394607544,0.5272716283798218,-0.00021756879868917167,0.999731719493866,0.5081108808517456,0.5242682695388794,0.00024352192122023553,0.9997962117195129,0.5793946385383606,0.7109373211860657,0.008856267668306828,0.9888830184936523,0.49760961532592773,0.7128357887268066,0.006660789251327515,0.9924270510673523,0.5765296220779419,0.9001767635345459,0.11662173271179199,0.9862887859344482,0.4941871166229248,0.8991132378578186,0.12046796083450317,0.9891800880432129,0.5675352811813354,0.9251193404197693,0.11909599602222443,0.8744481801986694,0.49972671270370483,0.9213407039642334,0.12406685203313828,0.8838014006614685,0.5946621298789978,0.9582953453063965,-0.00024623473291285336,0.9771768450737,0.4785868525505066,0.9584324955940247,0.0066088465973734856,0.9808565378189087
